[
{"geonameid":"4160023","name":"Jacksonville Beach","asciiname":"Jacksonville Beach","alternatenames":[""],"latitude":"30.29469","longitude":"-81.39314","feature_class":"P","feature_code":"PPL","country_code":"US","cc2":"","admin1_code":"FL","admin2_code":"031","admin3_code":"","admin4_code":"","population":"21362","elevation":"3","dem":"3","timezone":"America/New_York","modification_date":"2011-05-14"}
,
{"geonameid":"4160086","name":"Jan-Phyl Village","asciiname":"Jan-Phyl Village","alternatenames":["Jan Phyl Village"],"latitude":"28.01474","longitude":"-81.77175","feature_class":"P","feature_code":"PPL","country_code":"US","cc2":"","admin1_code":"FL","admin2_code":"105","admin3_code":"","admin4_code":"","population":"5573","elevation":"47","dem":"49","timezone":"America/New_York","modification_date":"2011-05-15"}
,
{"geonameid":"4160100","name":"Jasmine Estates","asciiname":"Jasmine Estates","alternatenames":[""],"latitude":"28.29306","longitude":"-82.6901","feature_class":"P","feature_code":"PPL","country_code":"US","cc2":"","admin1_code":"FL","admin2_code":"101","admin3_code":"","admin4_code":"","population":"18989","elevation":"1","dem":"9","timezone":"America/New_York","modification_date":"2011-05-14"}
,
{"geonameid":"4160102","name":"Jasper","asciiname":"Jasper","alternatenames":[""],"latitude":"30.51827","longitude":"-82.94819","feature_class":"P","feature_code":"PPLA2","country_code":"US","cc2":"","admin1_code":"FL","admin2_code":"047","admin3_code":"","admin4_code":"","population":"4546","elevation":"46","dem":"49","timezone":"America/New_York","modification_date":"2011-05-14"}
]